timestamp,precipitation,visibility,wind_speed
2023-01-01T00:00:00,0.17,7.8,14.4
2023-01-01T01:00:00,0.13,9.19,18.97
2023-01-01T02:00:00,0.12,7.96,17.53
2023-01-01T03:00:00,0.58,10.03,19.75
2023-01-01T04:00:00,0.72,6.49,19.38
2023-01-01T05:00:00,0.26,3.22,15.13
2023-01-01T06:00:00,0.64,5.72,7.48
2023-01-01T07:00:00,0.15,9.0,15.23
2023-01-01T08:00:00,0.53,8.23,16.76
2023-01-01T09:00:00,0.32,7.27,16.46
2023-01-01T10:00:00,0.52,10.08,9.27
2023-01-01T11:00:00,1.46,6.02,15.94
2023-01-01T12:00:00,0.39,5.43,9.44
2023-01-01T13:00:00,0.6,9.42,15.83
2023-01-01T14:00:00,0.53,6.31,21.83
2023-01-01T15:00:00,0.1,8.39,7.44
2023-01-01T16:00:00,0.19,4.95,10.18
2023-01-01T17:00:00,0.25,4.84,12.53
2023-01-01T18:00:00,0.47,6.41,18.64
2023-01-01T19:00:00,0.37,12.24,28.56
2023-01-01T20:00:00,1.4,8.22,14.59
2023-01-01T21:00:00,0.47,7.18,12.7
2023-01-01T22:00:00,0.73,6.78,11.38
2023-01-01T23:00:00,0.18,8.36,2.85
2023-01-02T00:00:00,0.94,7.79,12.11
2023-01-02T01:00:00,0.11,9.37,12.88
2023-01-02T02:00:00,0.32,11.91,18.99
2023-01-02T03:00:00,0.23,7.22,1.74
2023-01-02T04:00:00,0.72,12.95,11.68
2023-01-02T05:00:00,0.24,4.01,13.18
2023-01-02T06:00:00,0.33,8.28,5.84
2023-01-02T07:00:00,0.31,6.38,18.26
2023-01-02T08:00:00,0.17,8.96,12.89
2023-01-02T09:00:00,0.94,4.84,15.06
2023-01-02T10:00:00,0.65,6.01,11.27
2023-01-02T11:00:00,0.12,8.0,10.36
2023-01-02T12:00:00,0.4,5.04,3.92
2023-01-02T13:00:00,0.33,14.13,15.53
2023-01-02T14:00:00,0.25,10.21,17.21
2023-01-02T15:00:00,0.35,9.48,15.03
2023-01-02T16:00:00,0.12,8.73,7.95
2023-01-02T17:00:00,0.46,8.79,8.77
2023-01-02T18:00:00,0.12,7.65,5.69
2023-01-02T19:00:00,0.46,8.27,10.87
2023-01-02T20:00:00,1.02,7.01,19.04
2023-01-02T21:00:00,0.16,5.81,15.28
2023-01-02T22:00:00,0.14,7.55,8.51
2023-01-02T23:00:00,0.27,10.78,4.63
2023-01-03T00:00:00,0.63,8.35,13.28
2023-01-03T01:00:00,0.62,10.98,14.31
2023-01-03T02:00:00,0.17,9.96,10.84
2023-01-03T03:00:00,0.1,12.54,10.21
2023-01-03T04:00:00,1.64,7.65,9.31
2023-01-03T05:00:00,0.66,8.03,10.84
2023-01-03T06:00:00,0.47,6.95,7.11
2023-01-03T07:00:00,0.41,10.27,13.17
2023-01-03T08:00:00,0.62,6.85,14.06
2023-01-03T09:00:00,0.48,9.09,13.28
2023-01-03T10:00:00,0.75,4.21,12.61
2023-01-03T11:00:00,0.4,6.89,18.49
2023-01-03T12:00:00,0.12,10.86,10.62
2023-01-03T13:00:00,0.14,9.0,12.08
2023-01-03T14:00:00,0.79,10.35,20.81
2023-01-03T15:00:00,0.48,6.75,4.9
2023-01-03T16:00:00,0.7,7.22,1.87
2023-01-03T17:00:00,0.24,4.51,14.52
2023-01-03T18:00:00,0.77,7.62,10.88
2023-01-03T19:00:00,0.17,9.6,21.54
2023-01-03T20:00:00,0.92,7.1,16.81
2023-01-03T21:00:00,0.29,8.07,15.78
2023-01-03T22:00:00,1.24,5.49,16.06
2023-01-03T23:00:00,0.26,6.17,6.88
2023-01-04T00:00:00,0.47,7.8,12.49
2023-01-04T01:00:00,1.61,8.77,22.25
2023-01-04T02:00:00,0.42,7.08,5.74
2023-01-04T03:00:00,1.83,8.52,11.79
2023-01-04T04:00:00,0.38,10.15,6.79
2023-01-04T05:00:00,0.52,6.8,15.0
2023-01-04T06:00:00,0.78,5.3,16.57
2023-01-04T07:00:00,0.88,3.05,7.33
2023-01-04T08:00:00,0.55,8.23,11.93
2023-01-04T09:00:00,0.56,6.26,18.74
2023-01-04T10:00:00,0.26,8.05,12.41
2023-01-04T11:00:00,0.78,6.27,6.79
2023-01-04T12:00:00,0.33,7.34,14.25
2023-01-04T13:00:00,0.75,8.4,21.77
2023-01-04T14:00:00,0.19,7.18,5.09
2023-01-04T15:00:00,0.53,9.79,9.76
2023-01-04T16:00:00,0.56,6.14,10.52
2023-01-04T17:00:00,0.4,6.53,14.51
2023-01-04T18:00:00,0.23,7.07,13.45
2023-01-04T19:00:00,0.28,8.73,14.9
2023-01-04T20:00:00,0.25,5.68,21.27
2023-01-04T21:00:00,0.23,10.19,11.75
2023-01-04T22:00:00,0.94,3.95,7.79
2023-01-04T23:00:00,1.2,7.05,12.42
2023-01-05T00:00:00,0.68,8.35,19.51
2023-01-05T01:00:00,0.51,4.73,11.11
2023-01-05T02:00:00,0.19,8.64,15.36
2023-01-05T03:00:00,0.36,9.48,12.7
2023-01-05T04:00:00,2.1,7.42,11.07
2023-01-05T05:00:00,0.64,7.54,9.94
2023-01-05T06:00:00,0.31,7.66,16.52
2023-01-05T07:00:00,0.59,7.66,9.45
2023-01-05T08:00:00,0.52,9.65,10.97
2023-01-05T09:00:00,0.74,7.1,3.53
2023-01-05T10:00:00,0.88,6.57,10.85
2023-01-05T11:00:00,0.95,9.26,11.02
2023-01-05T12:00:00,1.65,8.36,12.61
2023-01-05T13:00:00,0.17,10.02,9.22
2023-01-05T14:00:00,0.32,5.57,5.41
2023-01-05T15:00:00,0.23,10.12,13.63
2023-01-05T16:00:00,0.52,7.39,14.66
2023-01-05T17:00:00,0.29,6.0,8.4
2023-01-05T18:00:00,0.4,9.34,12.99
2023-01-05T19:00:00,0.33,8.5,9.48
2023-01-05T20:00:00,1.66,5.0,10.87
2023-01-05T21:00:00,0.31,7.37,12.45
2023-01-05T22:00:00,0.24,9.16,9.01
2023-01-05T23:00:00,1.07,3.92,6.71
2023-01-06T00:00:00,0.25,8.96,21.3
2023-01-06T01:00:00,1.49,6.83,10.93
2023-01-06T02:00:00,0.83,8.61,12.87
2023-01-06T03:00:00,1.13,2.98,18.3
2023-01-06T04:00:00,0.9,10.75,17.34
2023-01-06T05:00:00,0.51,6.52,6.96
2023-01-06T06:00:00,0.17,6.74,9.33
2023-01-06T07:00:00,0.24,7.4,26.5
2023-01-06T08:00:00,0.54,8.83,12.28
2023-01-06T09:00:00,0.11,7.66,15.98
2023-01-06T10:00:00,0.16,11.03,13.35
2023-01-06T11:00:00,0.53,7.26,10.75
2023-01-06T12:00:00,0.13,11.22,12.14
2023-01-06T13:00:00,0.29,7.45,13.24
2023-01-06T14:00:00,1.42,7.3,13.59
2023-01-06T15:00:00,0.15,4.74,0.0
2023-01-06T16:00:00,0.27,6.26,9.3
2023-01-06T17:00:00,0.64,8.27,7.93
2023-01-06T18:00:00,0.68,4.75,2.61
2023-01-06T19:00:00,0.83,10.96,7.31
2023-01-06T20:00:00,0.39,8.23,0.81
2023-01-06T21:00:00,0.38,7.1,20.76
2023-01-06T22:00:00,0.28,7.68,9.34
2023-01-06T23:00:00,1.14,10.78,9.3
2023-01-07T00:00:00,0.33,9.4,15.55
2023-01-07T01:00:00,0.26,4.07,10.62
2023-01-07T02:00:00,0.13,7.1,15.09
2023-01-07T03:00:00,0.45,9.61,10.1
2023-01-07T04:00:00,0.3,6.15,11.36
2023-01-07T05:00:00,0.18,8.62,10.05
2023-01-07T06:00:00,0.48,3.21,16.17
2023-01-07T07:00:00,1.17,6.24,9.04
2023-01-07T08:00:00,0.38,8.03,0.0
2023-01-07T09:00:00,0.79,9.06,12.11
2023-01-07T10:00:00,1.05,6.51,16.68
2023-01-07T11:00:00,0.93,9.39,8.18
2023-01-07T12:00:00,0.86,4.59,6.46
2023-01-07T13:00:00,0.17,7.54,8.73
2023-01-07T14:00:00,0.35,8.19,0.15
2023-01-07T15:00:00,0.24,4.73,6.59
2023-01-07T16:00:00,1.14,10.02,7.97
2023-01-07T17:00:00,0.24,8.46,15.29
2023-01-07T18:00:00,0.31,5.63,9.42
2023-01-07T19:00:00,1.22,8.49,15.37
2023-01-07T20:00:00,0.48,6.09,4.99
2023-01-07T21:00:00,0.19,6.6,24.18
2023-01-07T22:00:00,0.39,5.06,7.41
2023-01-07T23:00:00,0.47,7.04,6.56
2023-01-08T00:00:00,0.14,3.53,18.35
2023-01-08T01:00:00,0.22,8.32,6.18
2023-01-08T02:00:00,0.16,11.63,13.16
2023-01-08T03:00:00,0.46,6.88,25.91
2023-01-08T04:00:00,0.72,3.03,9.13
2023-01-08T05:00:00,0.39,6.84,2.1
2023-01-08T06:00:00,0.72,7.5,12.0
2023-01-08T07:00:00,1.12,7.74,8.39
2023-01-08T08:00:00,0.74,7.5,7.09
2023-01-08T09:00:00,0.1,10.99,14.33
2023-01-08T10:00:00,0.42,7.41,16.85
2023-01-08T11:00:00,0.5,6.95,13.83
2023-01-08T12:00:00,0.21,8.59,13.51
2023-01-08T13:00:00,0.22,8.78,4.18
2023-01-08T14:00:00,0.34,7.4,9.09
2023-01-08T15:00:00,0.14,7.44,15.79
2023-01-08T16:00:00,1.25,6.07,6.15
2023-01-08T17:00:00,1.8,8.56,13.99
2023-01-08T18:00:00,0.88,4.45,7.12
2023-01-08T19:00:00,0.51,7.98,16.22
2023-01-08T20:00:00,0.22,9.67,7.16
2023-01-08T21:00:00,0.12,7.83,15.58
2023-01-08T22:00:00,0.95,4.04,15.57
2023-01-08T23:00:00,0.54,7.4,11.89
2023-01-09T00:00:00,0.96,8.98,10.84
2023-01-09T01:00:00,1.17,7.87,5.44
2023-01-09T02:00:00,0.1,5.78,4.91
2023-01-09T03:00:00,0.78,12.18,22.35
2023-01-09T04:00:00,0.86,9.43,7.51
2023-01-09T05:00:00,0.25,8.18,2.05
2023-01-09T06:00:00,0.2,13.45,13.16
2023-01-09T07:00:00,0.51,7.16,9.07
2023-01-09T08:00:00,0.64,4.65,12.17
2023-01-09T09:00:00,0.54,7.4,11.57
2023-01-09T10:00:00,0.1,8.08,5.57
2023-01-09T11:00:00,1.42,4.14,1.44
2023-01-09T12:00:00,1.3,8.73,11.37
2023-01-09T13:00:00,0.2,9.87,17.57
2023-01-09T14:00:00,0.19,5.06,9.73
2023-01-09T15:00:00,0.4,6.49,12.77
2023-01-09T16:00:00,0.39,5.35,15.42
2023-01-09T17:00:00,0.13,5.33,8.65
2023-01-09T18:00:00,0.37,8.69,7.7
2023-01-09T19:00:00,0.27,8.05,8.76
2023-01-09T20:00:00,0.57,7.27,15.98
2023-01-09T21:00:00,0.68,8.28,14.1
2023-01-09T22:00:00,0.23,7.11,12.93
2023-01-09T23:00:00,0.19,6.6,5.31
2023-01-10T00:00:00,0.36,7.02,21.1
2023-01-10T01:00:00,0.75,7.12,11.96
2023-01-10T02:00:00,0.66,7.71,10.38
2023-01-10T03:00:00,0.44,8.8,15.01
2023-01-10T04:00:00,0.12,6.47,15.01
2023-01-10T05:00:00,0.33,7.25,11.09
2023-01-10T06:00:00,0.46,6.62,14.97
2023-01-10T07:00:00,0.24,6.63,21.43
2023-01-10T08:00:00,0.81,9.18,14.59
2023-01-10T09:00:00,0.37,6.4,10.58
2023-01-10T10:00:00,0.33,7.52,6.39
2023-01-10T11:00:00,0.11,5.9,6.33
2023-01-10T12:00:00,0.69,9.06,7.72
2023-01-10T13:00:00,0.15,10.13,8.6
2023-01-10T14:00:00,0.15,8.26,5.46
2023-01-10T15:00:00,0.71,11.52,10.22
2023-01-10T16:00:00,0.92,3.32,10.93
2023-01-10T17:00:00,0.45,6.39,6.45
2023-01-10T18:00:00,1.0,8.81,3.07
2023-01-10T19:00:00,0.71,4.53,16.26
2023-01-10T20:00:00,0.3,7.51,15.37
2023-01-10T21:00:00,0.12,8.08,10.06
2023-01-10T22:00:00,0.18,7.41,11.86
2023-01-10T23:00:00,0.15,7.83,12.42
2023-01-11T00:00:00,0.42,9.49,15.26
2023-01-11T01:00:00,0.43,9.95,14.5
2023-01-11T02:00:00,0.62,4.87,11.01
2023-01-11T03:00:00,0.46,5.13,9.46
2023-01-11T04:00:00,0.56,8.61,7.89
2023-01-11T05:00:00,0.34,5.48,14.38
2023-01-11T06:00:00,0.27,11.69,20.69
2023-01-11T07:00:00,0.3,7.65,12.2
2023-01-11T08:00:00,0.32,8.3,15.7
2023-01-11T09:00:00,0.38,7.46,17.43
2023-01-11T10:00:00,0.23,7.15,11.51
2023-01-11T11:00:00,0.86,6.11,2.51
2023-01-11T12:00:00,0.52,11.12,8.47
2023-01-11T13:00:00,0.16,8.65,16.84
2023-01-11T14:00:00,0.33,3.8,10.85
2023-01-11T15:00:00,0.85,6.3,17.41
2023-01-11T16:00:00,0.44,8.84,7.53
2023-01-11T17:00:00,0.16,8.76,14.57
2023-01-11T18:00:00,0.29,10.31,8.07
2023-01-11T19:00:00,0.22,8.43,8.34
2023-01-11T20:00:00,0.45,7.27,15.22
2023-01-11T21:00:00,0.53,7.39,15.0
2023-01-11T22:00:00,0.45,8.36,4.95
2023-01-11T23:00:00,0.31,8.93,15.55
2023-01-12T00:00:00,0.46,6.49,12.32
2023-01-12T01:00:00,0.15,7.27,15.29
2023-01-12T02:00:00,1.21,8.53,15.69
2023-01-12T03:00:00,0.29,8.14,13.04
2023-01-12T04:00:00,0.51,7.53,16.94
2023-01-12T05:00:00,0.23,9.56,9.77
2023-01-12T06:00:00,0.22,6.41,16.6
2023-01-12T07:00:00,0.42,9.0,1.08
2023-01-12T08:00:00,1.52,9.69,11.19
2023-01-12T09:00:00,0.62,7.68,8.82
2023-01-12T10:00:00,0.64,7.5,12.2
2023-01-12T11:00:00,0.79,5.49,19.03
2023-01-12T12:00:00,0.54,6.99,18.86
2023-01-12T13:00:00,0.38,6.49,17.06
2023-01-12T14:00:00,0.15,9.92,12.58
2023-01-12T15:00:00,0.17,7.4,2.66
2023-01-12T16:00:00,0.59,7.14,13.57
2023-01-12T17:00:00,0.2,10.06,13.15
2023-01-12T18:00:00,0.15,7.77,9.49
2023-01-12T19:00:00,0.12,9.04,9.48
2023-01-12T20:00:00,0.15,7.21,20.51
2023-01-12T21:00:00,0.14,8.7,17.74
2023-01-12T22:00:00,0.95,7.17,9.73
2023-01-12T23:00:00,0.15,10.5,16.24
2023-01-13T00:00:00,0.25,8.34,14.42
2023-01-13T01:00:00,0.37,5.01,11.59
2023-01-13T02:00:00,0.27,6.89,8.4
2023-01-13T03:00:00,0.24,5.36,12.52
2023-01-13T04:00:00,0.15,9.0,10.91
2023-01-13T05:00:00,1.35,8.9,2.6
2023-01-13T06:00:00,0.96,8.04,11.72
2023-01-13T07:00:00,0.65,6.66,20.31
2023-01-13T08:00:00,0.28,5.58,5.94
2023-01-13T09:00:00,1.39,7.21,14.73
2023-01-13T10:00:00,1.06,6.14,16.03
2023-01-13T11:00:00,0.22,9.75,9.24
2023-01-13T12:00:00,0.5,6.97,15.27
2023-01-13T13:00:00,0.11,8.86,22.31
2023-01-13T14:00:00,1.39,6.35,14.16
2023-01-13T15:00:00,0.78,9.8,12.8
2023-01-13T16:00:00,0.15,5.89,12.15
2023-01-13T17:00:00,0.52,7.03,17.18
2023-01-13T18:00:00,0.32,9.0,14.25
2023-01-13T19:00:00,0.13,11.29,14.9
2023-01-13T20:00:00,0.44,4.92,8.94
2023-01-13T21:00:00,0.23,5.34,9.88
2023-01-13T22:00:00,0.29,8.79,16.48
2023-01-13T23:00:00,0.32,11.0,23.22
2023-01-14T00:00:00,0.53,9.41,18.29
2023-01-14T01:00:00,0.6,9.13,16.01
2023-01-14T02:00:00,1.83,4.95,8.11
2023-01-14T03:00:00,0.22,8.42,14.86
2023-01-14T04:00:00,0.64,8.7,9.14
2023-01-14T05:00:00,0.28,8.28,18.47
2023-01-14T06:00:00,0.48,8.37,9.68
2023-01-14T07:00:00,0.45,9.28,1.46
2023-01-14T08:00:00,0.85,2.7,25.04
2023-01-14T09:00:00,1.02,3.41,14.1
2023-01-14T10:00:00,0.7,5.27,11.11
2023-01-14T11:00:00,0.29,8.03,14.52
2023-01-14T12:00:00,0.59,6.92,3.68
2023-01-14T13:00:00,0.39,5.14,10.24
2023-01-14T14:00:00,0.27,11.11,7.25
2023-01-14T15:00:00,0.12,7.52,7.29
2023-01-14T16:00:00,0.75,8.02,8.13
2023-01-14T17:00:00,0.81,9.46,15.78
2023-01-14T18:00:00,0.6,11.96,12.91
2023-01-14T19:00:00,0.75,7.51,11.78
2023-01-14T20:00:00,0.15,8.3,8.83
2023-01-14T21:00:00,0.1,5.46,9.71
2023-01-14T22:00:00,0.13,7.84,9.57
2023-01-14T23:00:00,0.23,5.36,13.63
2023-01-15T00:00:00,1.08,6.55,15.18
2023-01-15T01:00:00,0.23,9.41,12.4
2023-01-15T02:00:00,0.29,8.57,11.56
2023-01-15T03:00:00,0.14,9.83,16.11
2023-01-15T04:00:00,0.17,8.42,16.68
2023-01-15T05:00:00,0.22,10.22,10.17
2023-01-15T06:00:00,0.83,5.62,10.87
2023-01-15T07:00:00,0.34,10.26,15.7
2023-01-15T08:00:00,1.9,5.9,19.16
2023-01-15T09:00:00,0.85,6.82,16.75
2023-01-15T10:00:00,0.13,7.31,15.2
2023-01-15T11:00:00,0.28,11.52,14.01
2023-01-15T12:00:00,1.83,5.58,6.62
2023-01-15T13:00:00,0.14,8.89,7.65
2023-01-15T14:00:00,0.53,8.57,13.05
2023-01-15T15:00:00,1.28,7.56,10.47
2023-01-15T16:00:00,0.26,6.29,14.38
2023-01-15T17:00:00,0.17,5.62,14.09
2023-01-15T18:00:00,0.87,5.26,16.55
2023-01-15T19:00:00,0.37,9.99,7.4
2023-01-15T20:00:00,0.66,6.09,13.11
2023-01-15T21:00:00,0.49,5.33,3.89
2023-01-15T22:00:00,0.42,9.7,10.3
2023-01-15T23:00:00,0.32,9.07,17.07
2023-01-16T00:00:00,0.5,7.67,7.33
2023-01-16T01:00:00,0.85,6.51,11.15
2023-01-16T02:00:00,0.68,2.18,6.29
2023-01-16T03:00:00,0.39,6.23,13.25
2023-01-16T04:00:00,0.13,7.58,22.3
2023-01-16T05:00:00,0.14,5.76,5.61
2023-01-16T06:00:00,0.25,5.71,10.13
2023-01-16T07:00:00,0.51,11.84,15.21
2023-01-16T08:00:00,0.21,4.46,17.49
2023-01-16T09:00:00,0.68,8.22,14.17
2023-01-16T10:00:00,0.51,6.11,16.3
2023-01-16T11:00:00,0.14,8.28,7.78
2023-01-16T12:00:00,0.4,5.33,12.94
2023-01-16T13:00:00,0.23,10.23,10.76
2023-01-16T14:00:00,2.54,6.01,7.35
2023-01-16T15:00:00,0.26,11.24,11.39
2023-01-16T16:00:00,0.62,10.38,8.12
2023-01-16T17:00:00,0.46,5.9,6.79
2023-01-16T18:00:00,1.61,5.13,12.9
2023-01-16T19:00:00,0.1,5.28,21.55
2023-01-16T20:00:00,0.25,5.83,5.52
2023-01-16T21:00:00,0.48,10.18,6.06
2023-01-16T22:00:00,0.85,10.79,13.28
2023-01-16T23:00:00,0.12,6.71,4.13
2023-01-17T00:00:00,0.55,9.86,8.12
2023-01-17T01:00:00,0.94,7.39,14.53
2023-01-17T02:00:00,0.4,7.21,8.84
2023-01-17T03:00:00,0.27,7.53,11.84
2023-01-17T04:00:00,0.11,9.49,20.14
2023-01-17T05:00:00,0.45,3.71,15.0
2023-01-17T06:00:00,0.48,6.98,4.97
2023-01-17T07:00:00,0.66,6.4,8.98
2023-01-17T08:00:00,1.32,8.95,20.68
2023-01-17T09:00:00,1.58,8.68,11.51
2023-01-17T10:00:00,0.65,9.68,5.33
2023-01-17T11:00:00,0.11,9.21,14.49
2023-01-17T12:00:00,0.25,8.57,14.6
2023-01-17T13:00:00,0.31,6.19,21.21
2023-01-17T14:00:00,0.19,8.42,14.23
2023-01-17T15:00:00,0.43,7.03,16.18
2023-01-17T16:00:00,0.28,6.8,18.58
2023-01-17T17:00:00,0.61,3.23,4.08
2023-01-17T18:00:00,0.43,9.95,11.4
2023-01-17T19:00:00,0.1,5.99,10.8
2023-01-17T20:00:00,0.19,7.83,11.51
2023-01-17T21:00:00,0.1,11.75,11.07
2023-01-17T22:00:00,0.19,9.72,9.78
2023-01-17T23:00:00,0.18,6.96,16.57
2023-01-18T00:00:00,0.97,12.54,9.57
2023-01-18T01:00:00,0.37,9.92,18.67
2023-01-18T02:00:00,0.2,6.22,7.12
2023-01-18T03:00:00,0.6,6.79,8.9
2023-01-18T04:00:00,0.45,9.88,0.86
2023-01-18T05:00:00,0.24,9.58,4.41
2023-01-18T06:00:00,0.31,8.68,21.57
2023-01-18T07:00:00,0.13,5.52,5.88
2023-01-18T08:00:00,0.65,7.5,12.47
2023-01-18T09:00:00,0.22,9.61,15.39
2023-01-18T10:00:00,0.68,11.49,14.08
2023-01-18T11:00:00,0.38,8.16,19.02
2023-01-18T12:00:00,1.44,6.9,23.87
2023-01-18T13:00:00,1.78,6.69,10.87
2023-01-18T14:00:00,0.19,8.95,10.45
2023-01-18T15:00:00,0.1,4.32,17.26
2023-01-18T16:00:00,0.32,7.05,8.65
2023-01-18T17:00:00,0.4,7.56,3.64
2023-01-18T18:00:00,0.45,8.51,13.56
2023-01-18T19:00:00,0.23,7.76,8.6
2023-01-18T20:00:00,0.42,7.3,9.6
2023-01-18T21:00:00,0.26,6.88,8.73
2023-01-18T22:00:00,0.53,7.9,10.69
2023-01-18T23:00:00,0.69,8.72,13.31
2023-01-19T00:00:00,0.97,8.3,7.26
2023-01-19T01:00:00,0.49,9.76,27.06
2023-01-19T02:00:00,0.21,7.06,0.47
2023-01-19T03:00:00,0.41,9.04,18.63
2023-01-19T04:00:00,0.19,4.86,10.43
2023-01-19T05:00:00,0.18,7.27,8.34
2023-01-19T06:00:00,0.31,10.72,10.8
2023-01-19T07:00:00,0.34,6.07,16.92
2023-01-19T08:00:00,0.23,9.32,10.02
2023-01-19T09:00:00,0.22,6.65,11.32
2023-01-19T10:00:00,0.34,8.11,10.74
2023-01-19T11:00:00,0.44,4.72,7.6
2023-01-19T12:00:00,0.12,11.49,17.5
2023-01-19T13:00:00,0.17,10.96,15.26
2023-01-19T14:00:00,0.18,6.5,12.99
2023-01-19T15:00:00,1.93,5.02,17.08
2023-01-19T16:00:00,0.68,4.46,16.65
2023-01-19T17:00:00,0.35,8.32,13.5
2023-01-19T18:00:00,0.62,8.14,10.82
2023-01-19T19:00:00,0.16,9.12,11.93
2023-01-19T20:00:00,0.12,8.87,14.73
2023-01-19T21:00:00,1.31,5.43,17.99
2023-01-19T22:00:00,0.6,9.91,12.07
2023-01-19T23:00:00,0.66,10.87,15.6
2023-01-20T00:00:00,1.09,6.9,15.1
2023-01-20T01:00:00,0.77,6.5,4.52
2023-01-20T02:00:00,0.13,7.55,5.43
2023-01-20T03:00:00,0.11,7.22,18.88
2023-01-20T04:00:00,0.83,9.4,10.23
2023-01-20T05:00:00,0.34,9.71,7.49
2023-01-20T06:00:00,0.79,8.91,19.37
2023-01-20T07:00:00,0.53,7.17,5.13
2023-01-20T08:00:00,0.17,8.07,18.19
2023-01-20T09:00:00,0.74,9.73,15.41
2023-01-20T10:00:00,0.15,9.24,13.38
2023-01-20T11:00:00,0.12,8.43,7.38
2023-01-20T12:00:00,0.53,8.49,15.8
2023-01-20T13:00:00,0.48,10.11,8.18
2023-01-20T14:00:00,1.13,6.76,14.71
2023-01-20T15:00:00,0.62,5.71,12.97
2023-01-20T16:00:00,0.2,7.26,13.08
2023-01-20T17:00:00,0.67,11.52,7.27
2023-01-20T18:00:00,0.14,6.39,5.4
2023-01-20T19:00:00,0.63,10.19,10.76
2023-01-20T20:00:00,0.19,5.76,14.93
2023-01-20T21:00:00,0.78,7.74,10.09
2023-01-20T22:00:00,0.11,9.34,4.6
2023-01-20T23:00:00,0.15,7.23,14.02
2023-01-21T00:00:00,0.45,6.56,12.53
2023-01-21T01:00:00,0.17,8.8,12.32
2023-01-21T02:00:00,0.67,5.65,11.55
2023-01-21T03:00:00,0.2,10.14,5.53
2023-01-21T04:00:00,0.73,6.51,8.42
2023-01-21T05:00:00,0.17,8.96,11.29
2023-01-21T06:00:00,0.53,6.62,15.84
2023-01-21T07:00:00,0.15,7.74,13.19
2023-01-21T08:00:00,0.3,7.63,12.87
2023-01-21T09:00:00,0.26,9.89,22.54
2023-01-21T10:00:00,0.61,8.92,13.47
2023-01-21T11:00:00,0.25,5.63,8.09
2023-01-21T12:00:00,0.61,4.86,13.02
2023-01-21T13:00:00,0.46,5.46,0.0
2023-01-21T14:00:00,0.88,5.93,11.67
2023-01-21T15:00:00,0.67,9.81,10.98
2023-01-21T16:00:00,0.13,8.3,4.14
2023-01-21T17:00:00,0.27,10.1,4.26
2023-01-21T18:00:00,0.25,6.33,15.65
2023-01-21T19:00:00,0.68,7.13,10.53
2023-01-21T20:00:00,0.17,7.06,9.23
2023-01-21T21:00:00,0.36,4.76,14.86
2023-01-21T22:00:00,0.47,10.21,13.37
2023-01-21T23:00:00,0.21,5.75,15.77
2023-01-22T00:00:00,0.13,5.48,9.06
2023-01-22T01:00:00,0.73,8.25,12.61
2023-01-22T02:00:00,0.83,9.67,22.32
2023-01-22T03:00:00,0.19,9.54,14.05
2023-01-22T04:00:00,0.29,8.9,10.4
2023-01-22T05:00:00,0.76,10.69,15.96
2023-01-22T06:00:00,0.37,6.64,15.29
2023-01-22T07:00:00,0.17,4.58,21.66
2023-01-22T08:00:00,1.13,8.55,11.06
2023-01-22T09:00:00,0.13,7.25,13.36
2023-01-22T10:00:00,0.12,9.22,16.53
2023-01-22T11:00:00,0.3,11.7,14.24
2023-01-22T12:00:00,1.74,9.3,10.39
2023-01-22T13:00:00,0.19,8.61,18.44
2023-01-22T14:00:00,0.16,6.84,1.69
2023-01-22T15:00:00,0.15,10.18,12.49
2023-01-22T16:00:00,0.21,10.08,13.6
2023-01-22T17:00:00,1.07,9.14,5.74
2023-01-22T18:00:00,0.28,8.44,14.15
2023-01-22T19:00:00,0.23,6.14,10.41
2023-01-22T20:00:00,0.29,8.47,8.29
2023-01-22T21:00:00,0.97,10.13,9.98
2023-01-22T22:00:00,0.16,6.6,20.82
2023-01-22T23:00:00,0.59,9.05,14.67
2023-01-23T00:00:00,0.51,11.85,1.43
2023-01-23T01:00:00,0.26,9.32,14.12
2023-01-23T02:00:00,0.4,9.12,12.42
2023-01-23T03:00:00,0.81,8.04,9.36
2023-01-23T04:00:00,0.35,9.43,11.19
2023-01-23T05:00:00,0.16,14.21,7.29
2023-01-23T06:00:00,1.3,6.0,13.97
2023-01-23T07:00:00,0.41,6.54,9.16
2023-01-23T08:00:00,0.19,8.66,10.54
2023-01-23T09:00:00,0.61,5.81,6.83
2023-01-23T10:00:00,0.72,6.11,19.4
2023-01-23T11:00:00,0.13,6.07,0.0
2023-01-23T12:00:00,0.47,7.88,10.35
2023-01-23T13:00:00,0.14,3.93,0.0
2023-01-23T14:00:00,0.89,6.23,13.14
2023-01-23T15:00:00,0.23,5.63,6.47
2023-01-23T16:00:00,0.8,6.81,13.92
2023-01-23T17:00:00,0.33,8.78,8.24
2023-01-23T18:00:00,0.61,8.63,21.42
2023-01-23T19:00:00,0.16,8.13,19.89
2023-01-23T20:00:00,0.55,8.84,8.09
2023-01-23T21:00:00,0.24,7.29,18.25
2023-01-23T22:00:00,0.15,7.77,14.98
2023-01-23T23:00:00,0.2,6.39,13.3
2023-01-24T00:00:00,1.6,7.5,7.45
2023-01-24T01:00:00,0.48,7.08,10.6
2023-01-24T02:00:00,0.35,4.49,13.8
2023-01-24T03:00:00,0.52,7.79,18.07
2023-01-24T04:00:00,0.65,12.17,7.48
2023-01-24T05:00:00,0.29,4.72,13.06
2023-01-24T06:00:00,0.51,7.87,4.95
2023-01-24T07:00:00,1.42,3.71,16.08
2023-01-24T08:00:00,0.55,10.84,14.48
2023-01-24T09:00:00,0.2,11.64,13.72
2023-01-24T10:00:00,0.34,9.98,13.72
2023-01-24T11:00:00,0.43,10.75,9.25
2023-01-24T12:00:00,1.34,6.97,14.68
2023-01-24T13:00:00,0.99,6.11,13.67
2023-01-24T14:00:00,0.92,4.82,9.68
2023-01-24T15:00:00,0.38,7.69,8.93
2023-01-24T16:00:00,0.27,9.66,17.34
2023-01-24T17:00:00,0.38,8.69,9.34
2023-01-24T18:00:00,0.9,7.08,15.02
2023-01-24T19:00:00,0.34,11.21,8.62
2023-01-24T20:00:00,0.38,5.24,8.89
2023-01-24T21:00:00,0.29,6.19,15.33
2023-01-24T22:00:00,0.54,9.6,21.67
2023-01-24T23:00:00,0.42,3.97,13.13
2023-01-25T00:00:00,0.22,5.31,12.0
2023-01-25T01:00:00,0.54,7.45,15.49
2023-01-25T02:00:00,0.36,9.02,7.88
2023-01-25T03:00:00,0.15,9.14,12.96
2023-01-25T04:00:00,0.28,10.24,9.57
2023-01-25T05:00:00,0.57,8.77,4.71
2023-01-25T06:00:00,0.25,5.97,20.45
2023-01-25T07:00:00,1.27,6.55,10.34
2023-01-25T08:00:00,0.43,6.86,8.61
2023-01-25T09:00:00,0.75,9.24,10.08
2023-01-25T10:00:00,0.84,8.97,7.14
2023-01-25T11:00:00,0.19,7.01,10.48
2023-01-25T12:00:00,0.34,4.46,0.0
2023-01-25T13:00:00,0.14,8.28,13.39
2023-01-25T14:00:00,0.46,4.75,3.65
2023-01-25T15:00:00,0.36,5.66,2.21
2023-01-25T16:00:00,0.23,8.18,18.32
2023-01-25T17:00:00,0.17,8.39,15.2
2023-01-25T18:00:00,0.37,6.27,5.42
2023-01-25T19:00:00,0.48,7.76,17.69
2023-01-25T20:00:00,0.13,8.58,14.27
2023-01-25T21:00:00,0.11,11.41,11.41
2023-01-25T22:00:00,0.34,9.28,11.31
2023-01-25T23:00:00,0.68,6.16,7.08
2023-01-26T00:00:00,0.21,6.95,9.79
2023-01-26T01:00:00,0.29,8.44,23.21
2023-01-26T02:00:00,0.19,9.51,11.41
2023-01-26T03:00:00,0.3,7.78,8.37
2023-01-26T04:00:00,1.33,7.08,14.56
2023-01-26T05:00:00,0.25,10.7,13.21
2023-01-26T06:00:00,0.67,7.7,6.86
2023-01-26T07:00:00,0.4,3.8,10.08
2023-01-26T08:00:00,0.23,13.35,6.21
2023-01-26T09:00:00,0.15,7.22,21.06
2023-01-26T10:00:00,0.15,6.95,14.63
2023-01-26T11:00:00,0.41,8.48,6.95
2023-01-26T12:00:00,0.17,8.11,12.0
2023-01-26T13:00:00,1.4,8.94,19.47
2023-01-26T14:00:00,0.13,8.09,13.47
2023-01-26T15:00:00,1.17,8.72,12.1
2023-01-26T16:00:00,0.22,6.32,13.56
2023-01-26T17:00:00,0.13,3.25,6.79
2023-01-26T18:00:00,0.77,8.35,14.59
2023-01-26T19:00:00,0.57,5.6,5.77
2023-01-26T20:00:00,0.33,4.67,13.88
2023-01-26T21:00:00,1.23,7.67,19.15
2023-01-26T22:00:00,0.44,8.01,11.29
2023-01-26T23:00:00,0.13,8.88,14.96
2023-01-27T00:00:00,0.67,9.76,8.76
2023-01-27T01:00:00,0.25,7.48,13.94
2023-01-27T02:00:00,0.17,4.66,7.0
2023-01-27T03:00:00,0.52,9.27,0.0
2023-01-27T04:00:00,0.45,8.97,12.72
2023-01-27T05:00:00,0.19,5.74,15.14
2023-01-27T06:00:00,0.2,11.64,10.29
2023-01-27T07:00:00,0.41,6.14,8.45
2023-01-27T08:00:00,0.18,9.91,11.4
2023-01-27T09:00:00,0.21,9.28,14.31
2023-01-27T10:00:00,0.23,5.85,19.46
2023-01-27T11:00:00,0.22,6.9,16.57
2023-01-27T12:00:00,0.56,8.92,15.18
2023-01-27T13:00:00,0.21,9.97,7.92
2023-01-27T14:00:00,0.59,6.29,8.9
2023-01-27T15:00:00,0.36,6.51,0.0
2023-01-27T16:00:00,0.18,5.34,11.15
2023-01-27T17:00:00,0.27,10.42,13.02
2023-01-27T18:00:00,0.7,9.42,20.68
2023-01-27T19:00:00,0.63,7.44,0.0
2023-01-27T20:00:00,0.2,5.31,10.22
2023-01-27T21:00:00,0.43,7.42,4.85
2023-01-27T22:00:00,0.39,7.78,11.29
2023-01-27T23:00:00,1.21,8.34,8.27
2023-01-28T00:00:00,0.29,4.22,23.36
2023-01-28T01:00:00,0.66,9.07,18.72
2023-01-28T02:00:00,1.24,6.81,12.95
2023-01-28T03:00:00,0.31,9.79,12.54
2023-01-28T04:00:00,0.7,8.74,0.32
2023-01-28T05:00:00,0.11,5.88,12.07
2023-01-28T06:00:00,0.18,7.89,9.85
2023-01-28T07:00:00,0.26,6.88,15.49
2023-01-28T08:00:00,1.09,7.81,8.3
2023-01-28T09:00:00,0.24,6.22,6.45
2023-01-28T10:00:00,0.62,6.75,17.63
2023-01-28T11:00:00,0.13,6.94,8.58
2023-01-28T12:00:00,0.73,4.01,13.07
2023-01-28T13:00:00,0.28,8.76,14.95
2023-01-28T14:00:00,0.49,11.49,21.74
2023-01-28T15:00:00,0.54,6.87,12.2
2023-01-28T16:00:00,1.53,8.07,13.4
2023-01-28T17:00:00,0.27,7.04,16.66
2023-01-28T18:00:00,0.52,2.77,18.07
2023-01-28T19:00:00,0.49,5.79,7.41
2023-01-28T20:00:00,0.26,11.08,12.77
2023-01-28T21:00:00,0.29,12.23,19.1
2023-01-28T22:00:00,0.18,7.89,4.6
2023-01-28T23:00:00,0.21,6.21,15.03
2023-01-29T00:00:00,0.25,9.46,0.0
2023-01-29T01:00:00,0.87,5.69,11.7
2023-01-29T02:00:00,0.14,8.49,9.34
2023-01-29T03:00:00,0.16,7.94,14.62
2023-01-29T04:00:00,0.5,6.19,13.28
2023-01-29T05:00:00,0.2,9.09,11.59
2023-01-29T06:00:00,0.81,7.46,16.66
2023-01-29T07:00:00,0.12,11.42,9.0
2023-01-29T08:00:00,0.35,10.08,6.67
2023-01-29T09:00:00,0.23,8.04,3.6
2023-01-29T10:00:00,0.16,5.33,12.5
2023-01-29T11:00:00,0.4,5.83,22.87
2023-01-29T12:00:00,1.2,9.51,15.33
2023-01-29T13:00:00,0.34,9.43,12.82
2023-01-29T14:00:00,0.7,5.39,1.74
2023-01-29T15:00:00,0.34,7.93,17.33
2023-01-29T16:00:00,0.59,6.16,19.2
2023-01-29T17:00:00,0.2,5.61,9.15
2023-01-29T18:00:00,0.37,4.39,6.3
2023-01-29T19:00:00,0.2,7.62,4.29
2023-01-29T20:00:00,0.47,7.66,4.05
2023-01-29T21:00:00,0.51,6.94,13.39
2023-01-29T22:00:00,0.98,5.0,16.67
2023-01-29T23:00:00,0.99,8.06,13.69
2023-01-30T00:00:00,0.58,6.56,19.86
2023-01-30T01:00:00,0.39,9.17,11.84
2023-01-30T02:00:00,0.32,8.26,10.27
2023-01-30T03:00:00,0.36,6.9,10.25
2023-01-30T04:00:00,0.45,9.57,11.48
2023-01-30T05:00:00,0.23,6.38,23.01
2023-01-30T06:00:00,0.4,6.4,15.0
2023-01-30T07:00:00,0.48,7.86,15.97
2023-01-30T08:00:00,0.15,9.39,19.8
2023-01-30T09:00:00,0.42,7.41,8.12
2023-01-30T10:00:00,0.17,8.14,23.58
2023-01-30T11:00:00,0.38,8.34,7.22
2023-01-30T12:00:00,0.21,7.24,15.89
2023-01-30T13:00:00,1.31,7.86,19.44
2023-01-30T14:00:00,0.71,8.08,13.05
2023-01-30T15:00:00,1.05,4.12,14.89
2023-01-30T16:00:00,0.45,10.37,10.05
2023-01-30T17:00:00,0.41,10.69,9.66
2023-01-30T18:00:00,0.82,7.89,13.12
2023-01-30T19:00:00,0.15,10.0,10.52
2023-01-30T20:00:00,1.03,7.78,11.55
2023-01-30T21:00:00,0.31,9.44,13.47
2023-01-30T22:00:00,0.28,9.87,15.28
2023-01-30T23:00:00,0.19,7.1,12.84
